# NaOH_cost,LCOW,SEC
3.750000e-01,-5.199750e-01,3.151540e-05
6.250000e-01,5.199685e-01,-4.100227e-05
