# membrane_cost,LCOW,SEC
2.250000e+01,-4.313577e+00,-1.751487e+00
3.750000e+01,3.717433e+00,1.900661e+00
