# membrane_cost,LCOW,SEC
2.250000e+01,4.598185e+00,1.786211e+00
3.750000e+01,-3.443109e+00,-1.862401e+00
