# HCl_cost,LCOW,SEC
3.750000e-01,-1.801146e+00,-9.773022e-02
6.250000e-01,1.500046e+00,3.387729e-01
