# RO1 feed pH,LCOW,SEC
4.125000e+00,1.692250e+00,3.389969e-01
6.875000e+00,-5.650442e+00,-5.809024e-01
