# pump_cost,LCOW,SEC
1.431000e+00,9.192992e+00,-1.184682e+00
2.385000e+00,-8.256250e+00,7.988480e-01
