# boron_2rej,LCOW,SEC
7.500000e-01,-9.050874e-01,5.457550e-05
1.250000e+00,1.571678e+00,-1.079614e-04
