# pump_cost,LCOW,SEC
1.431000e+00,-8.501963e+00,1.426593e+00
2.385000e+00,8.392280e+00,-1.183943e+00
