# NaOH_cost,LCOW,SEC
3.750000e-01,1.012583e+00,-6.682658e-02
6.250000e-01,-1.616785e-01,-9.781152e-02
