# electricity_cost,LCOW,SEC
5.250000e-02,1.019222e+01,-1.327249e+00
8.750000e-02,-9.234762e+00,8.876364e-01
