# boron_1rej,LCOW,SEC
3.750000e-01,1.592027e+00,1.866621e-01
6.250000e-01,-1.147085e+00,8.003652e-02
