# HCl_cost,LCOW,SEC
3.750000e-01,-1.719735e+00,6.305926e-05
6.250000e-01,1.719728e+00,-7.254615e-05
