# RO2_salt_permeability,LCOW,SEC
3.125000e-08,-1.408770e-01,1.273259e-01
5.208333e-08,-1.517200e-01,1.111282e-01
