# pump_cost,LCOW,SEC
1.431000e+00,-8.917358e+00,1.227670e+00
2.385000e+00,8.538345e+00,-7.668545e-01
