# mixer_cost,LCOW,SEC
2.707500e+02,-2.823179e-01,-5.569339e-06
4.512500e+02,2.823114e-01,-3.917519e-06
