# mixer_cost,LCOW,SEC
2.707500e+02,-7.133739e-01,5.621074e-02
4.512500e+02,-1.376095e-01,1.084530e-01
