# boron_1rej,LCOW,SEC
3.750000e-01,1.571678e+00,-1.079614e-04
6.250000e-01,-9.050874e-01,5.457550e-05
