# electricity_cost,LCOW,SEC
5.250000e-02,-9.472664e+00,1.607273e+00
8.750000e-02,9.336575e+00,-1.305730e+00
