# NaOH_cost,LCOW,SEC
3.750000e-01,-7.333785e-01,1.036547e-01
6.250000e-01,4.406790e-01,1.347051e-01
