# factor_membrane_replacement,LCOW,SEC
1.500000e-01,-1.915385e+00,-6.812679e-01
2.500000e-01,1.565983e+00,9.030333e-01
