# RO2_water_permeability,LCOW,SEC
6.250000e-12,-1.514891e+00,-1.462586e+00
1.041667e-11,1.743163e+00,8.577507e-01
