# RO1_salt_permeability,LCOW,SEC
2.625000e-08,2.453034e-02,1.988948e-01
4.375000e-08,-1.589292e-02,-1.656172e-01
