# factor_membrane_replacement,LCOW,SEC
1.500000e-01,-2.063572e+00,-1.217394e+00
2.500000e-01,1.971091e+00,1.161455e+00
