# membrane_cost,LCOW,SEC
2.250000e+01,-4.912714e+00,-2.904343e+00
3.750000e+01,4.415798e+00,2.602191e+00
