# mixer_cost,LCOW,SEC
2.707500e+02,-4.340996e-01,9.301609e-02
4.512500e+02,1.413215e-01,1.453687e-01
