# RO2_salt_permeability,LCOW,SEC
3.125000e-08,4.845604e-03,1.059972e-02
5.208333e-08,-4.813053e-03,-1.050482e-02
