# RO1_salt_permeability,LCOW,SEC
2.625000e-08,-7.190435e-01,-1.876091e+00
4.375000e-08,1.481543e+00,1.580485e+00
