# HCl_cost,LCOW,SEC
3.750000e-01,2.011546e+00,1.250158e-01
6.250000e-01,-1.152886e+00,-2.921680e-01
