# RO2_water_permeability,LCOW,SEC
6.250000e-12,1.793875e+00,1.499440e+00
1.041667e-11,-1.463982e+00,-8.208849e-01
