# RO1 feed pH,LCOW,SEC
4.125000e+00,1.860896e+00,3.616930e-01
6.875000e+00,-5.357898e+00,-5.447300e-01
