# boron_2rej,LCOW,SEC
7.500000e-01,-1.147085e+00,8.003652e-02
1.250000e+00,1.592027e+00,1.866621e-01
