# boron_1rej,LCOW,SEC
3.750000e-01,1.111424e+00,1.229160e-01
6.250000e-01,-1.306078e+00,5.909163e-02
