# RO1_water_permeability,LCOW,SEC
3.150000e-12,-2.316429e+00,-1.843507e+00
5.250000e-12,2.141288e+00,1.013209e+00
