# RO2_salt_permeability,LCOW,SEC
3.125000e-08,4.199819e-01,-9.046371e-02
5.208333e-08,4.308196e-01,-7.426838e-02
