# RO1_water_permeability,LCOW,SEC
3.150000e-12,2.590555e+00,1.880984e+00
5.250000e-12,-1.858669e+00,-9.768998e-01
