# RO1_water_permeability,LCOW,SEC
3.150000e-12,2.598128e+00,1.695884e+00
5.250000e-12,-1.629903e+00,-1.047299e+00
