# factor_membrane_replacement,LCOW,SEC
1.500000e-01,2.196782e+00,7.173071e-01
2.500000e-01,-1.289038e+00,-8.654888e-01
