# RO1 feed pH,LCOW,SEC
4.125000e+00,2.059455e+00,-9.233351e-05
6.875000e+00,-5.378487e+00,2.085328e-04
