# RO1_salt_permeability,LCOW,SEC
2.625000e-08,1.000056e+00,1.912789e+00
4.375000e-08,-1.204340e+00,-1.543534e+00
