# boron_2rej,LCOW,SEC
9.000000e-01,1.164903e+01,4.039227e-01
1.100000e+00,-1.354839e+00,5.780691e-02
