# RO2_water_permeability,LCOW,SEC
6.250000e-12,1.723205e+00,1.215466e+00
1.041667e-11,-1.166983e+00,-8.209574e-01
