# electricity_cost,LCOW,SEC
5.250000e-02,-9.917012e+00,1.371031e+00
8.750000e-02,9.517170e+00,-8.561306e-01
